#ID,同バディID,メイン名,レアリティ,限界突破回数,レベル最大,パッシヴスキルID,スキル１,,,,,,スキル2,,,,,,スキル3,,,,,,PictID,経験値ID,売却値段,進化先トランスID,オーバー限突,,フレーバーテキスト,イラストレーター,声優,ボイスID,
#,,,,,,,通常スキルID,呼び出しスキルID,解放レベル,ジャンル,消費ゲージ,リチャージターン数,通常スキルID,呼び出しスキルID,解放レベル,ジャンル,消費ゲージ,リチャージターン数,通常スキルID,呼び出しスキルID,解放レベル,ジャンル,消費ゲージ,リチャージターン数,通常,LVUP,,,アイテムID,個数,,,,挨拶,騎士LvUP,進化合成,上位アーサー変身,
1000010,1000010,红莲姬 依缇尔,LEGEND,0,80,64000070,65000001,,,CARD_COST_DOWN,45,3,,,,,,,,,,,,,10000010,401,100000,1000011,,,隐藏在赤焰下的红色铠甲的这份力量，<br>是烧尽万物的业火。,だんちょ,喜多村 英梨,607340010,607340040,607340060,,
1000011,1000010,红莲姬 依缇尔,LEGEND,1,80,64000071,65000001,,,CARD_COST_DOWN,45,3,65000002,,40,PARAM_LIMIT_BREAK_BY_ATK_BUFF,65,4,,,,,,,10000010,401,100000,1000012,,,隐藏在赤焰下的红色铠甲的这份力量，<br>是烧尽万物的业火。,だんちょ,喜多村 英梨,607340010,607340040,607340060,,
1000012,1000010,红莲姬 依缇尔,LEGEND,2,80,64000072,65000001,,,CARD_COST_DOWN,45,3,65000003,,40,PARAM_LIMIT_BREAK_BY_ATK_BUFF,65,4,65000006,,60,ATK_OP_PIERCING,165,4,10000010,401,100000,1000013,,,隐藏在赤焰下的红色铠甲的这份力量，<br>是烧尽万物的业火。,だんちょ,喜多村 英梨,607340010,607340040,607340060,,
1000013,1000010,红莲姬 依缇尔,LEGEND,3,80,64000073,65000001,,,CARD_COST_DOWN,40,2,65000004,,40,PARAM_LIMIT_BREAK_BY_ATK_BUFF,60,3,65000006,,60,ATK_OP_PIERCING,160,3,10000010,401,100000,1000014,,,隐藏在赤焰下的红色铠甲的这份力量，<br>是烧尽万物的业火。,だんちょ,喜多村 英梨,607340010,607340040,607340060,,
1000014,1000010,红莲姬 依缇尔,LEGEND,4,80,64000074,65000001,,,CARD_COST_DOWN,30,2,65000005,,40,PARAM_LIMIT_BREAK_BY_ATK_BUFF,50,3,65000006,,60,ATK_OP_PIERCING,150,3,10000010,401,100000,,6191,1,隐藏在赤焰下的红色铠甲的这份力量，<br>是烧尽万物的业火。,だんちょ,喜多村 英梨,607340010,607340040,607340060,,
1000020,1000020,湖之圣剑 阿隆戴德,LEGEND,0,80,64000050,65000007,,,CARD_COST_DOWN,45,3,,,,,,,,,,,,,10000020,401,100000,1000021,,,就算是堕落为魔剑，也是为了美丽的王妃。,akka,朝井 彩加,605400040,605400060,605400050,,
1000021,1000020,湖之圣剑 阿隆戴德,LEGEND,1,80,64000051,65000007,,,CARD_COST_DOWN,45,3,65000008,,40,DEF_BUFF,45,4,,,,,,,10000020,401,100000,1000022,,,就算是堕落为魔剑，也是为了美丽的王妃。,akka,朝井 彩加,605400040,605400060,605400050,,
1000022,1000020,湖之圣剑 阿隆戴德,LEGEND,2,80,64000052,65000007,,,CARD_COST_DOWN,45,3,65000009,,40,DEF_BUFF,45,4,65000012,,60,CARD_DEAL,135,4,10000020,401,100000,1000023,,,就算是堕落为魔剑，也是为了美丽的王妃。,akka,朝井 彩加,605400040,605400060,605400050,,
1000023,1000020,湖之圣剑 阿隆戴德,LEGEND,3,80,64000053,65000007,,,CARD_COST_DOWN,40,2,65000010,,40,DEF_BUFF,40,3,65000012,,60,CARD_DEAL,130,3,10000020,401,100000,1000024,,,就算是堕落为魔剑，也是为了美丽的王妃。,akka,朝井 彩加,605400040,605400060,605400050,,
1000024,1000020,湖之圣剑 阿隆戴德,LEGEND,4,80,64000054,65000007,,,CARD_COST_DOWN,30,2,65000011,,40,DEF_BUFF,30,3,65000012,,60,CARD_DEAL,120,3,10000020,401,100000,,6191,1,就算是堕落为魔剑，也是为了美丽的王妃。,akka,朝井 彩加,605400040,605400060,605400050,,
1000030,1000030,颤栗实验室 格妮妲,LEGEND,0,80,64000080,65000013,,,CARD_COST_DOWN,45,3,,,,,,,,,,,,,10000030,401,100000,1000031,,,使用伟大魔法使的因子制造出来的，<br>究极的残次品。<br>我自会去探寻，失败品能做到的事情。,フルーツパンチ,喜多村 英梨,607330090,607330040,607330060,,
1000031,1000030,颤栗实验室 格妮妲,LEGEND,1,80,64000081,65000013,,,CARD_COST_DOWN,45,3,65000014,,40,ATK_BUFF,45,4,,,,,,,10000030,401,100000,1000032,,,使用伟大魔法使的因子制造出来的，<br>究极的残次品。<br>我自会去探寻，失败品能做到的事情。,フルーツパンチ,喜多村 英梨,607330090,607330040,607330060,,
1000032,1000030,颤栗实验室 格妮妲,LEGEND,2,80,64000082,65000013,,,CARD_COST_DOWN,45,3,65000015,,40,ATK_BUFF,45,4,65000018,,60,CARD_COST_DOWN,135,3,10000030,401,100000,1000033,,,使用伟大魔法使的因子制造出来的，<br>究极的残次品。<br>我自会去探寻，失败品能做到的事情。,フルーツパンチ,喜多村 英梨,607330090,607330040,607330060,,
1000033,1000030,颤栗实验室 格妮妲,LEGEND,3,80,64000083,65000013,,,CARD_COST_DOWN,40,2,65000016,,40,ATK_BUFF,40,3,65000018,,60,CARD_COST_DOWN,130,2,10000030,401,100000,1000034,,,使用伟大魔法使的因子制造出来的，<br>究极的残次品。<br>我自会去探寻，失败品能做到的事情。,フルーツパンチ,喜多村 英梨,607330090,607330040,607330060,,
1000034,1000030,颤栗实验室 格妮妲,LEGEND,4,80,64000084,65000013,,,CARD_COST_DOWN,30,2,65000017,,40,ATK_BUFF,30,3,65000018,,60,CARD_COST_DOWN,120,2,10000030,401,100000,,6191,1,使用伟大魔法使的因子制造出来的，<br>究极的残次品。<br>我自会去探寻，失败品能做到的事情。,フルーツパンチ,喜多村 英梨,607330090,607330040,607330060,,
1000040,1000040,极大光芒魔导 艾文,LEGEND,0,80,64000060,65000019,,,CARD_COST_DOWN,45,3,,,,,,,,,,,,,10000040,401,100000,1000041,,,神的雷鸣响彻天际，我的魔导撕裂黑暗。<br>违抗王命之人，赐予毫无慈悲的神罚。,モフ,悠木 碧,609400060,603780040,603780060,,
1000041,1000040,极大光芒魔导 艾文,LEGEND,1,80,64000061,65000019,,,CARD_COST_DOWN,45,3,65000020,,40,ATK_BUFF,55,4,,,,,,,10000040,401,100000,1000042,,,神的雷鸣响彻天际，我的魔导撕裂黑暗。<br>违抗王命之人，赐予毫无慈悲的神罚。,モフ,悠木 碧,609400060,603780040,603780060,,
1000042,1000040,极大光芒魔导 艾文,LEGEND,2,80,64000062,65000019,,,CARD_COST_DOWN,45,3,65000021,,40,ATK_BUFF,55,4,65000024,,60,BURST_GAUGE_HEAL,105,4,10000040,401,100000,1000043,,,神的雷鸣响彻天际，我的魔导撕裂黑暗。<br>违抗王命之人，赐予毫无慈悲的神罚。,モフ,悠木 碧,609400060,603780040,603780060,,
1000043,1000040,极大光芒魔导 艾文,LEGEND,3,80,64000063,65000019,,,CARD_COST_DOWN,40,2,65000022,,40,ATK_BUFF,50,3,65000024,,60,BURST_GAUGE_HEAL,100,3,10000040,401,100000,1000044,,,神的雷鸣响彻天际，我的魔导撕裂黑暗。<br>违抗王命之人，赐予毫无慈悲的神罚。,モフ,悠木 碧,609400060,603780040,603780060,,
1000044,1000040,极大光芒魔导 艾文,LEGEND,4,80,64000064,65000019,,,CARD_COST_DOWN,30,2,65000023,,40,ATK_BUFF,40,3,65000024,,60,BURST_GAUGE_HEAL,90,3,10000040,401,100000,,6191,1,神的雷鸣响彻天际，我的魔导撕裂黑暗。<br>违抗王命之人，赐予毫无慈悲的神罚。,モフ,悠木 碧,609400060,603780040,603780060,,
1000050,1000050,宿命反抗者 莫德雷德,LEGEND,0,80,64100330,65000088,,,PARAM_LIMIT_BREAK_BY_ATK_BUFF,55,4,65000093,,40,CARD_COST_DOWN,75,3,65000094,,60,ATK_OP_PIERCING,135,4,10000050,401,100000,1000051,,,命运已交予暗黑的审判者。<br>他所追求的是恒久的和平，以及圣剑王之命。,牛木義隆,福山 润,700050010,700050020,700050030,,
1000051,1000050,宿命反抗者 莫德雷德,LEGEND,1,80,64100331,65000089,,,PARAM_LIMIT_BREAK_BY_ATK_BUFF,50,3,65000093,,40,CARD_COST_DOWN,70,2,65000094,,60,ATK_OP_PIERCING,130,3,10000050,401,100000,1000052,,,命运已交予暗黑的审判者。<br>他所追求的是恒久的和平，以及圣剑王之命。,牛木義隆,福山 润,700050010,700050020,700050030,,
1000052,1000050,宿命反抗者 莫德雷德,LEGEND,2,80,64100332,65000090,,,PARAM_LIMIT_BREAK_BY_ATK_BUFF,45,3,65000093,,40,CARD_COST_DOWN,65,2,65000094,,60,ATK_OP_PIERCING,125,3,10000050,401,100000,1000053,,,命运已交予暗黑的审判者。<br>他所追求的是恒久的和平，以及圣剑王之命。,牛木義隆,福山 润,700050010,700050020,700050030,,
1000053,1000050,宿命反抗者 莫德雷德,LEGEND,3,80,64100333,65000091,,,PARAM_LIMIT_BREAK_BY_ATK_BUFF,40,3,65000093,,40,CARD_COST_DOWN,60,2,65000094,,60,ATK_OP_PIERCING,120,3,10000050,401,100000,1000054,,,命运已交予暗黑的审判者。<br>他所追求的是恒久的和平，以及圣剑王之命。,牛木義隆,福山 润,700050010,700050020,700050030,,
1000054,1000050,宿命反抗者 莫德雷德,LEGEND,4,80,64100334,65000092,,,PARAM_LIMIT_BREAK_BY_ATK_BUFF,40,3,65000093,,40,CARD_COST_DOWN,60,2,65000094,,60,ATK_OP_PIERCING,120,3,10000050,401,100000,,6186,2,命运已交予暗黑的审判者。<br>他所追求的是恒久的和平，以及圣剑王之命。,牛木義隆,福山 润,700050010,700050020,700050030,,
1000060,1000060,恶作剧毕斯克拉,LEGEND,0,80,64100440,65000039,,,DEF_BUFF,45,4,65000044,,40,BURST_GAUGE_HEAL,95,4,65000045,,60,ATK_OP_MULTIPLE_FIXED,195,4,10000060,401,100000,1000061,,,亚瑟和我是一家人对吧？<br>好好对待家人是人狼的规矩哦！,akka,井泽 诗织,700060010,700060020,700060030,,
1000061,1000060,恶作剧毕斯克拉,LEGEND,1,80,64100441,65000040,,,DEF_BUFF,40,3,65000044,,40,BURST_GAUGE_HEAL,90,3,65000045,,60,ATK_OP_MULTIPLE_FIXED,190,3,10000060,401,100000,1000062,,,亚瑟和我是一家人对吧？<br>好好对待家人是人狼的规矩哦！,akka,井泽 诗织,700060010,700060020,700060030,,
1000062,1000060,恶作剧毕斯克拉,LEGEND,2,80,64100442,65000041,,,DEF_BUFF,35,3,65000044,,40,BURST_GAUGE_HEAL,85,3,65000045,,60,ATK_OP_MULTIPLE_FIXED,185,3,10000060,401,100000,1000063,,,亚瑟和我是一家人对吧？<br>好好对待家人是人狼的规矩哦！,akka,井泽 诗织,700060010,700060020,700060030,,
1000063,1000060,恶作剧毕斯克拉,LEGEND,3,80,64100443,65000042,,,DEF_BUFF,30,3,65000044,,40,BURST_GAUGE_HEAL,80,3,65000045,,60,ATK_OP_MULTIPLE_FIXED,180,3,10000060,401,100000,1000064,,,亚瑟和我是一家人对吧？<br>好好对待家人是人狼的规矩哦！,akka,井泽 诗织,700060010,700060020,700060030,,
1000064,1000060,恶作剧毕斯克拉,LEGEND,4,80,64100444,65000043,,,DEF_BUFF,30,3,65000044,,40,BURST_GAUGE_HEAL,80,3,65000045,,60,ATK_OP_MULTIPLE_FIXED,180,3,10000060,401,100000,,6186,2,亚瑟和我是一家人对吧？<br>好好对待家人是人狼的规矩哦！,akka,井泽 诗织,700060010,700060020,700060030,,
1000070,1000070,瓦尔哈拉之路 希格露恩,LEGEND,0,80,64100100,65000032,,,ATK_BUFF,35,4,65000037,,40,CARD_COST_DOWN,75,3,65000038,,60,CARD_COST_DOWN,225,3,10000070,401,100000,1000071,,,亡者灵魂的来到这里，诞生新生命的天上宫殿。<br>引导英灵将前往新的战场，<br>那是美丽的女神瓦尔基里。,VOFAN,佐仓 绫音,602000060,601030040,602000090,,
1000071,1000070,瓦尔哈拉之路 希格露恩,LEGEND,1,80,64100101,65000033,,,ATK_BUFF,30,3,65000037,,40,CARD_COST_DOWN,70,2,65000038,,60,CARD_COST_DOWN,220,2,10000070,401,100000,1000072,,,亡者灵魂的来到这里，诞生新生命的天上宫殿。<br>引导英灵将前往新的战场，<br>那是美丽的女神瓦尔基里。,VOFAN,佐仓 绫音,602000060,601030040,602000090,,
1000072,1000070,瓦尔哈拉之路 希格露恩,LEGEND,2,80,64100102,65000034,,,ATK_BUFF,25,3,65000037,,40,CARD_COST_DOWN,65,2,65000038,,60,CARD_COST_DOWN,215,2,10000070,401,100000,1000073,,,亡者灵魂的来到这里，诞生新生命的天上宫殿。<br>引导英灵将前往新的战场，<br>那是美丽的女神瓦尔基里。,VOFAN,佐仓 绫音,602000060,601030040,602000090,,
1000073,1000070,瓦尔哈拉之路 希格露恩,LEGEND,3,80,64100103,65000035,,,ATK_BUFF,20,3,65000037,,40,CARD_COST_DOWN,60,2,65000038,,60,CARD_COST_DOWN,210,2,10000070,401,100000,1000074,,,亡者灵魂的来到这里，诞生新生命的天上宫殿。<br>引导英灵将前往新的战场，<br>那是美丽的女神瓦尔基里。,VOFAN,佐仓 绫音,602000060,601030040,602000090,,
1000074,1000070,瓦尔哈拉之路 希格露恩,LEGEND,4,80,64100104,65000036,,,ATK_BUFF,20,3,65000037,,40,CARD_COST_DOWN,60,2,65000038,,60,CARD_COST_DOWN,210,2,10000070,401,100000,,6186,2,亡者灵魂的来到这里，诞生新生命的天上宫殿。<br>引导英灵将前往新的战场，<br>那是美丽的女神瓦尔基里。,VOFAN,佐仓 绫音,602000060,601030040,602000090,,
1000080,1000080,幸福的预感 多莫维依,LEGEND,0,80,64100080,65000071,,,BURST_GAUGE_HEAL,65,4,65000072,,40,SP_DEFENCE_BOOST,95,4,65000073,,60,PARAM_LIMIT_BREAK_BY_ATK_BUFF,155,4,10000080,401,100000,1000081,,,触摸到她的身体，若是温暖那就会带来幸运，<br>若是寒冷就会遇到厄运。<br>来吧，准备好暖炉和面包迎接她吧。,やみや,芹泽 优,609520040,609870010,609520030,,
1000081,1000080,幸福的预感 多莫维依,LEGEND,1,80,64100081,65000071,,,BURST_GAUGE_HEAL,60,3,65000072,,40,SP_DEFENCE_BOOST,90,3,65000074,,60,PARAM_LIMIT_BREAK_BY_ATK_BUFF,150,3,10000080,401,100000,1000082,,,触摸到她的身体，若是温暖那就会带来幸运，<br>若是寒冷就会遇到厄运。<br>来吧，准备好暖炉和面包迎接她吧。,やみや,芹泽 优,609520040,609870010,609520030,,
1000082,1000080,幸福的预感 多莫维依,LEGEND,2,80,64100082,65000071,,,BURST_GAUGE_HEAL,55,3,65000072,,40,SP_DEFENCE_BOOST,85,3,65000075,,60,PARAM_LIMIT_BREAK_BY_ATK_BUFF,145,3,10000080,401,100000,1000083,,,触摸到她的身体，若是温暖那就会带来幸运，<br>若是寒冷就会遇到厄运。<br>来吧，准备好暖炉和面包迎接她吧。,やみや,芹泽 优,609520040,609870010,609520030,,
1000083,1000080,幸福的预感 多莫维依,LEGEND,3,80,64100083,65000071,,,BURST_GAUGE_HEAL,50,3,65000072,,40,SP_DEFENCE_BOOST,80,3,65000076,,60,PARAM_LIMIT_BREAK_BY_ATK_BUFF,140,3,10000080,401,100000,1000084,,,触摸到她的身体，若是温暖那就会带来幸运，<br>若是寒冷就会遇到厄运。<br>来吧，准备好暖炉和面包迎接她吧。,やみや,芹泽 优,609520040,609870010,609520030,,
1000084,1000080,幸福的预感 多莫维依,LEGEND,4,80,64100084,65000071,,,BURST_GAUGE_HEAL,50,3,65000072,,40,SP_DEFENCE_BOOST,80,3,65000077,,60,PARAM_LIMIT_BREAK_BY_ATK_BUFF,140,3,10000080,401,100000,,6186,2,触摸到她的身体，若是温暖那就会带来幸运，<br>若是寒冷就会遇到厄运。<br>来吧，准备好暖炉和面包迎接她吧。,やみや,芹泽 优,609520040,609870010,609520030,,
1000090,1000090,虚假的王政 君士坦丁,LEGEND,0,80,64100060,65000081,,,ATK_BUFF,45,4,65000086,,40,CARD_COST_DOWN,75,3,65000087,,60,ATK_OP_MULTIPLE_FIXED,195,4,10000090,401,100000,1000091,,,影子圆桌的13位骑士。<br>能发现携带圣剑的伪王的是，外敌吗，还是说…。,藤ちょこ,雨宫 天,700090010,609250030,700090030,,
1000091,1000090,虚假的王政 君士坦丁,LEGEND,1,80,64100061,65000082,,,ATK_BUFF,40,3,65000086,,40,CARD_COST_DOWN,70,2,65000087,,60,ATK_OP_MULTIPLE_FIXED,190,3,10000090,401,100000,1000092,,,影子圆桌的13位骑士。<br>能发现携带圣剑的伪王的是，外敌吗，还是说…。,藤ちょこ,雨宫 天,700090010,609250030,700090030,,
1000092,1000090,虚假的王政 君士坦丁,LEGEND,2,80,64100062,65000083,,,ATK_BUFF,35,3,65000086,,40,CARD_COST_DOWN,65,2,65000087,,60,ATK_OP_MULTIPLE_FIXED,185,3,10000090,401,100000,1000093,,,影子圆桌的13位骑士。<br>能发现携带圣剑的伪王的是，外敌吗，还是说…。,藤ちょこ,雨宫 天,700090010,609250030,700090030,,
1000093,1000090,虚假的王政 君士坦丁,LEGEND,3,80,64100063,65000084,,,ATK_BUFF,30,3,65000086,,40,CARD_COST_DOWN,60,2,65000087,,60,ATK_OP_MULTIPLE_FIXED,180,3,10000090,401,100000,1000094,,,影子圆桌的13位骑士。<br>能发现携带圣剑的伪王的是，外敌吗，还是说…。,藤ちょこ,雨宫 天,700090010,609250030,700090030,,
1000094,1000090,虚假的王政 君士坦丁,LEGEND,4,80,64100064,65000085,,,ATK_BUFF,30,3,65000086,,40,CARD_COST_DOWN,60,2,65000087,,60,ATK_OP_MULTIPLE_FIXED,180,3,10000090,401,100000,,6186,2,影子圆桌的13位骑士。<br>能发现携带圣剑的伪王的是，外敌吗，还是说…。,藤ちょこ,雨宫 天,700090010,609250030,700090030,,
1000100,1000100,乌莎哈・家政,LEGEND,0,80,64100510,65000025,,,ATK_BUFF,35,4,65000030,,40,ATK_OP_PIERCING,75,4,65000031,,60,CARD_DEAL,135,4,10000100,401,100000,1000101,,,乌莎哈起的很早。<br>「今天要打扫斯卡哈大人的房间，以及出去购物…」<br>默默支持着那些国王候补的功臣，就在这里。,作々,金元 寿子,601650040,700100020,602240060,,
1000101,1000100,乌莎哈・家政,LEGEND,1,80,64100511,65000026,,,ATK_BUFF,30,3,65000030,,40,ATK_OP_PIERCING,70,3,65000031,,60,CARD_DEAL,130,3,10000100,401,100000,1000102,,,乌莎哈起的很早。<br>「今天要打扫斯卡哈大人的房间，以及出去购物…」<br>默默支持着那些国王候补的功臣，就在这里。,作々,金元 寿子,601650040,700100020,602240060,,
1000102,1000100,乌莎哈・家政,LEGEND,2,80,64100512,65000027,,,ATK_BUFF,25,3,65000030,,40,ATK_OP_PIERCING,65,3,65000031,,60,CARD_DEAL,125,3,10000100,401,100000,1000103,,,乌莎哈起的很早。<br>「今天要打扫斯卡哈大人的房间，以及出去购物…」<br>默默支持着那些国王候补的功臣，就在这里。,作々,金元 寿子,601650040,700100020,602240060,,
1000103,1000100,乌莎哈・家政,LEGEND,3,80,64100513,65000028,,,ATK_BUFF,20,3,65000030,,40,ATK_OP_PIERCING,60,3,65000031,,60,CARD_DEAL,120,3,10000100,401,100000,1000104,,,乌莎哈起的很早。<br>「今天要打扫斯卡哈大人的房间，以及出去购物…」<br>默默支持着那些国王候补的功臣，就在这里。,作々,金元 寿子,601650040,700100020,602240060,,
1000104,1000100,乌莎哈・家政,LEGEND,4,80,64100514,65000029,,,ATK_BUFF,20,3,65000030,,40,ATK_OP_PIERCING,60,3,65000031,,60,CARD_DEAL,120,3,10000100,401,100000,,6186,2,乌莎哈起的很早。<br>「今天要打扫斯卡哈大人的房间，以及出去购物…」<br>默默支持着那些国王候补的功臣，就在这里。,作々,金元 寿子,601650040,700100020,602240060,,
1000110,1000110,连理的魔法姬 艾妮多,LEGEND,0,80,64100270,65000046,,,ATK_BUFF,55,4,65000051,,40,PARAM_LIMIT_BREAK_BY_ATK_BUFF,75,4,65000056,,60,CARD_DEAL,135,4,10000110,401,100000,1000111,,,提出问题，只会遥遥头。<br>想要交流，但只能听到呼吸声。<br>她每次点头，都能看到金发轻轻在摇曳。,きんぎん,井口 裕香,604200040,604200060,602030060,,
1000111,1000110,连理的魔法姬 艾妮多,LEGEND,1,80,64100271,65000047,,,ATK_BUFF,50,3,65000052,,40,PARAM_LIMIT_BREAK_BY_ATK_BUFF,70,3,65000056,,60,CARD_DEAL,130,3,10000110,401,100000,1000112,,,提出问题，只会遥遥头。<br>想要交流，但只能听到呼吸声。<br>她每次点头，都能看到金发轻轻在摇曳。,きんぎん,井口 裕香,604200040,604200060,602030060,,
1000112,1000110,连理的魔法姬 艾妮多,LEGEND,2,80,64100272,65000048,,,ATK_BUFF,45,3,65000053,,40,PARAM_LIMIT_BREAK_BY_ATK_BUFF,65,3,65000056,,60,CARD_DEAL,125,3,10000110,401,100000,1000113,,,提出问题，只会遥遥头。<br>想要交流，但只能听到呼吸声。<br>她每次点头，都能看到金发轻轻在摇曳。,きんぎん,井口 裕香,604200040,604200060,602030060,,
1000113,1000110,连理的魔法姬 艾妮多,LEGEND,3,80,64100273,65000049,,,ATK_BUFF,40,3,65000054,,40,PARAM_LIMIT_BREAK_BY_ATK_BUFF,60,3,65000056,,60,CARD_DEAL,120,3,10000110,401,100000,1000114,,,提出问题，只会遥遥头。<br>想要交流，但只能听到呼吸声。<br>她每次点头，都能看到金发轻轻在摇曳。,きんぎん,井口 裕香,604200040,604200060,602030060,,
1000114,1000110,连理的魔法姬 艾妮多,LEGEND,4,80,64100274,65000050,,,ATK_BUFF,40,3,65000055,,40,PARAM_LIMIT_BREAK_BY_ATK_BUFF,60,3,65000056,,60,CARD_DEAL,120,3,10000110,401,100000,,6186,2,提出问题，只会遥遥头。<br>想要交流，但只能听到呼吸声。<br>她每次点头，都能看到金发轻轻在摇曳。,きんぎん,井口 裕香,604200040,604200060,602030060,,
1000120,1000120,白鸟的奇迹 戈特弗里德,LEGEND,0,80,64100070,65000064,,,PARAM_LIMIT_BREAK_BY_ATK_BUFF,65,4,65000069,,40,SP_SUPPORT_BOOST,75,4,65000070,,60,CARD_COST_DOWN,115,3,10000120,401,100000,1000121,,,救了因奥尔特莉特的魔法而变为白鸟的戈特弗里德的是，圣杯骑士罗恩格林。,兎塚エイジ,佐仓 绫音,610160100,601730040,601730090,,
1000121,1000120,白鸟的奇迹 戈特弗里德,LEGEND,1,80,64100071,65000065,,,PARAM_LIMIT_BREAK_BY_ATK_BUFF,60,3,65000069,,40,SP_SUPPORT_BOOST,70,3,65000070,,60,CARD_COST_DOWN,110,2,10000120,401,100000,1000122,,,救了因奥尔特莉特的魔法而变为白鸟的戈特弗里德的是，圣杯骑士罗恩格林。,兎塚エイジ,佐仓 绫音,610160100,601730040,601730090,,
1000122,1000120,白鸟的奇迹 戈特弗里德,LEGEND,2,80,64100072,65000066,,,PARAM_LIMIT_BREAK_BY_ATK_BUFF,55,3,65000069,,40,SP_SUPPORT_BOOST,65,3,65000070,,60,CARD_COST_DOWN,105,2,10000120,401,100000,1000123,,,救了因奥尔特莉特的魔法而变为白鸟的戈特弗里德的是，圣杯骑士罗恩格林。,兎塚エイジ,佐仓 绫音,610160100,601730040,601730090,,
1000123,1000120,白鸟的奇迹 戈特弗里德,LEGEND,3,80,64100073,65000067,,,PARAM_LIMIT_BREAK_BY_ATK_BUFF,50,3,65000069,,40,SP_SUPPORT_BOOST,60,3,65000070,,60,CARD_COST_DOWN,100,2,10000120,401,100000,1000124,,,救了因奥尔特莉特的魔法而变为白鸟的戈特弗里德的是，圣杯骑士罗恩格林。,兎塚エイジ,佐仓 绫音,610160100,601730040,601730090,,
1000124,1000120,白鸟的奇迹 戈特弗里德,LEGEND,4,80,64100074,65000068,,,PARAM_LIMIT_BREAK_BY_ATK_BUFF,50,3,65000069,,40,SP_SUPPORT_BOOST,60,3,65000070,,60,CARD_COST_DOWN,100,2,10000120,401,100000,,6186,2,救了因奥尔特莉特的魔法而变为白鸟的戈特弗里德的是，圣杯骑士罗恩格林。,兎塚エイジ,佐仓 绫音,610160100,601730040,601730090,,
1000130,1000130,妖精们的游乐园,LEGEND,0,80,64100500,65000078,,,CARD_COST_DOWN,45,3,65000079,,40,BURST_GAUGE_HEAL,75,4,65000080,,60,ATK_DAMAGE_BOOST,185,4,10000130,401,100000,1000131,,,下次找卡美洛的妖精们一起来办个游戏派对如何？<br>……那些人，游戏玩的好吗？<br>其他人不清楚，但菲大人应该玩的不错。,osa,阿澄 佳奈　芹泽 优　金元 寿子,602400060,609480060,700130030,,
1000131,1000130,妖精们的游乐园,LEGEND,1,80,64100501,65000078,,,CARD_COST_DOWN,40,2,65000079,,40,BURST_GAUGE_HEAL,70,3,65000080,,60,ATK_DAMAGE_BOOST,180,3,10000130,401,100000,1000132,,,下次找卡美洛的妖精们一起来办个游戏派对如何？<br>……那些人，游戏玩的好吗？<br>其他人不清楚，但菲大人应该玩的不错。,osa,阿澄 佳奈　芹泽 优　金元 寿子,602400060,609480060,700130030,,
1000132,1000130,妖精们的游乐园,LEGEND,2,80,64100502,65000078,,,CARD_COST_DOWN,35,2,65000079,,40,BURST_GAUGE_HEAL,65,3,65000080,,60,ATK_DAMAGE_BOOST,175,3,10000130,401,100000,1000133,,,下次找卡美洛的妖精们一起来办个游戏派对如何？<br>……那些人，游戏玩的好吗？<br>其他人不清楚，但菲大人应该玩的不错。,osa,阿澄 佳奈　芹泽 优　金元 寿子,602400060,609480060,700130030,,
1000133,1000130,妖精们的游乐园,LEGEND,3,80,64100503,65000078,,,CARD_COST_DOWN,30,2,65000079,,40,BURST_GAUGE_HEAL,60,3,65000080,,60,ATK_DAMAGE_BOOST,170,3,10000130,401,100000,1000134,,,下次找卡美洛的妖精们一起来办个游戏派对如何？<br>……那些人，游戏玩的好吗？<br>其他人不清楚，但菲大人应该玩的不错。,osa,阿澄 佳奈　芹泽 优　金元 寿子,602400060,609480060,700130030,,
1000134,1000130,妖精们的游乐园,LEGEND,4,80,64100504,65000078,,,CARD_COST_DOWN,30,2,65000079,,40,BURST_GAUGE_HEAL,60,3,65000080,,60,ATK_DAMAGE_BOOST,170,3,10000130,401,100000,,6186,2,下次找卡美洛的妖精们一起来办个游戏派对如何？<br>……那些人，游戏玩的好吗？<br>其他人不清楚，但菲大人应该玩的不错。,osa,阿澄 佳奈　芹泽 优　金元 寿子,602400060,609480060,700130030,,
1000140,1000140,魔法☆少女 库拉奇,LEGEND,0,80,64100100,65000057,,,CARD_COST_DOWN,60,3,65000058,,40,DEF_BUFF,85,4,65000063,,60,ATK_DAMAGE_BOOST,185,4,10000140,401,100000,1000141,,,魔法少女是女孩子的偶像！也深受大朋友们的注目！<br>这事究极的洛莉塔☆装扮！<br>来吧，让库拉奇酱刮起一场赞赏的风暴！,kona,五十岚 裕美,700140010,602500090,700140030,,
1000141,1000140,魔法☆少女 库拉奇,LEGEND,1,80,64100101,65000057,,,CARD_COST_DOWN,55,2,65000059,,40,DEF_BUFF,80,3,65000063,,60,ATK_DAMAGE_BOOST,180,3,10000140,401,100000,1000142,,,魔法少女是女孩子的偶像！也深受大朋友们的注目！<br>这事究极的洛莉塔☆装扮！<br>来吧，让库拉奇酱刮起一场赞赏的风暴！,kona,五十岚 裕美,700140010,602500090,700140030,,
1000142,1000140,魔法☆少女 库拉奇,LEGEND,2,80,64100102,65000057,,,CARD_COST_DOWN,50,2,65000060,,40,DEF_BUFF,75,3,65000063,,60,ATK_DAMAGE_BOOST,175,3,10000140,401,100000,1000143,,,魔法少女是女孩子的偶像！也深受大朋友们的注目！<br>这事究极的洛莉塔☆装扮！<br>来吧，让库拉奇酱刮起一场赞赏的风暴！,kona,五十岚 裕美,700140010,602500090,700140030,,
1000143,1000140,魔法☆少女 库拉奇,LEGEND,3,80,64100103,65000057,,,CARD_COST_DOWN,45,2,65000061,,40,DEF_BUFF,70,3,65000063,,60,ATK_DAMAGE_BOOST,170,3,10000140,401,100000,1000144,,,魔法少女是女孩子的偶像！也深受大朋友们的注目！<br>这事究极的洛莉塔☆装扮！<br>来吧，让库拉奇酱刮起一场赞赏的风暴！,kona,五十岚 裕美,700140010,602500090,700140030,,
1000144,1000140,魔法☆少女 库拉奇,LEGEND,4,80,64100104,65000057,,,CARD_COST_DOWN,45,2,65000062,,40,DEF_BUFF,70,3,65000063,,60,ATK_DAMAGE_BOOST,170,3,10000140,401,100000,,6186,2,魔法少女是女孩子的偶像！也深受大朋友们的注目！<br>这事究极的洛莉塔☆装扮！<br>来吧，让库拉奇酱刮起一场赞赏的风暴！,kona,五十岚 裕美,700140010,602500090,700140030,,
1000150,1000150,神之历史书 二刀/居合,LEGEND,0,80,64000030,65000100,,,ATK_BUFF,35,3,,,,,,,,,,,,,10000150,401,100000,1000151,,,为了回到原本的世界而一直在战斗的少年少女。<br>大武道大会聚集了不列颠的英雄。<br>记载于神之历史书上的决斗，开始了。,富岡二郎,朗斯贝里·亚瑟　上坂 堇,700150010,700150020,700150030,,
1000151,1000150,神之历史书 二刀/居合,LEGEND,1,80,64000031,65000101,,,ATK_BUFF,35,3,65000111,,40,DEF_BUFF,55,4,,,,,,,10000150,401,100000,1000152,,,为了回到原本的世界而一直在战斗的少年少女。<br>大武道大会聚集了不列颠的英雄。<br>记载于神之历史书上的决斗，开始了。,富岡二郎,朗斯贝里·亚瑟　上坂 堇,700150010,700150020,700150030,,
1000152,1000150,神之历史书 二刀/居合,LEGEND,2,80,64000032,65000102,,,ATK_BUFF,35,3,65000112,,40,DEF_BUFF,55,4,65000120,,60,CARD_COST_DOWN,125,3,10000150,401,100000,1000153,,,为了回到原本的世界而一直在战斗的少年少女。<br>大武道大会聚集了不列颠的英雄。<br>记载于神之历史书上的决斗，开始了。,富岡二郎,朗斯贝里·亚瑟　上坂 堇,700150010,700150020,700150030,,
1000153,1000150,神之历史书 二刀/居合,LEGEND,3,80,64000033,65000103,,,ATK_BUFF,30,2,65000113,,40,DEF_BUFF,50,3,65000120,,60,CARD_COST_DOWN,120,2,10000150,401,100000,1000154,,,为了回到原本的世界而一直在战斗的少年少女。<br>大武道大会聚集了不列颠的英雄。<br>记载于神之历史书上的决斗，开始了。,富岡二郎,朗斯贝里·亚瑟　上坂 堇,700150010,700150020,700150030,,
1000154,1000150,神之历史书 二刀/居合,LEGEND,4,80,64000034,65000104,,,ATK_BUFF,20,2,65000114,,40,DEF_BUFF,40,3,65000120,,60,CARD_COST_DOWN,110,2,10000150,401,100000,,6191,1,为了回到原本的世界而一直在战斗的少年少女。<br>大武道大会聚集了不列颠的英雄。<br>记载于神之历史书上的决斗，开始了。,富岡二郎,朗斯贝里·亚瑟　上坂 堇,700150010,700150020,700150030,,
1000160,1000160,兔子装饰☆,LEGEND,0,80,64000040,65000130,,,PARAM_LIMIT_BREAK_BY_ATK_BUFF,55,4,,,,,,,,,,,,,10000160,401,100000,1000161,,,向星空许愿。<br>为兔子们带来甜美的蛋糕。<br><br>©Koi・芳文社／ご注文は製作委員会ですか？？,夜ノみつき,-,700160010,700160020,700160030,,
1000161,1000160,兔子装饰☆,LEGEND,1,80,64000041,65000131,,,PARAM_LIMIT_BREAK_BY_ATK_BUFF,55,4,65000141,,40,PARAM_LIMIT_BREAK_BY_HP_BUFF,75,4,,,,,,,10000160,401,100000,1000162,,,向星空许愿。<br>为兔子们带来甜美的蛋糕。<br><br>©Koi・芳文社／ご注文は製作委員会ですか？？,夜ノみつき,-,700160010,700160020,700160030,,
1000162,1000160,兔子装饰☆,LEGEND,2,80,64000042,65000132,,,PARAM_LIMIT_BREAK_BY_ATK_BUFF,55,4,65000142,,40,PARAM_LIMIT_BREAK_BY_HP_BUFF,75,4,65000150,,60,CARD_COST_DOWN,95,3,10000160,401,100000,1000163,,,向星空许愿。<br>为兔子们带来甜美的蛋糕。<br><br>©Koi・芳文社／ご注文は製作委員会ですか？？,夜ノみつき,-,700160010,700160020,700160030,,
1000163,1000160,兔子装饰☆,LEGEND,3,80,64000043,65000133,,,PARAM_LIMIT_BREAK_BY_ATK_BUFF,50,3,65000143,,40,PARAM_LIMIT_BREAK_BY_HP_BUFF,70,3,65000150,,60,CARD_COST_DOWN,90,2,10000160,401,100000,1000164,,,向星空许愿。<br>为兔子们带来甜美的蛋糕。<br><br>©Koi・芳文社／ご注文は製作委員会ですか？？,夜ノみつき,-,700160010,700160020,700160030,,
1000164,1000160,兔子装饰☆,LEGEND,4,80,64000044,65000134,,,PARAM_LIMIT_BREAK_BY_ATK_BUFF,40,3,65000144,,40,PARAM_LIMIT_BREAK_BY_HP_BUFF,60,3,65000150,,60,CARD_COST_DOWN,80,2,10000160,401,100000,,6191,1,向星空许愿。<br>为兔子们带来甜美的蛋糕。<br><br>©Koi・芳文社／ご注文は製作委員会ですか？？,夜ノみつき,-,700160010,700160020,700160030,,
1000170,1000170,不列颠兔子小屋,LEGEND,0,80,64100420,65000160,,,BURST_GAUGE_HEAL,45,4,65000170,,40,CARD_COST_DOWN,95,3,65000180,,60,PARAM_LIMIT_BREAK_BY_ATK_BUFF,115,4,10000170,401,100000,1000171,,,心爱「来，蓝山咖啡让您久等了♪」<br>智乃「心爱…这是哥伦比亚咖啡」<br><br>©Koi・芳文社／ご注文は製作委員会ですか？？,きんぎん,-,700170010,700170020,700170030,,
1000171,1000170,不列颠兔子小屋,LEGEND,1,80,64100421,65000160,,,BURST_GAUGE_HEAL,40,3,65000170,,40,CARD_COST_DOWN,90,2,65000181,,60,PARAM_LIMIT_BREAK_BY_ATK_BUFF,110,3,10000170,401,100000,1000172,,,心爱「来，蓝山咖啡让您久等了♪」<br>智乃「心爱…这是哥伦比亚咖啡」<br><br>©Koi・芳文社／ご注文は製作委員会ですか？？,きんぎん,-,700170010,700170020,700170030,,
1000172,1000170,不列颠兔子小屋,LEGEND,2,80,64100422,65000160,,,BURST_GAUGE_HEAL,35,3,65000170,,40,CARD_COST_DOWN,85,2,65000182,,60,PARAM_LIMIT_BREAK_BY_ATK_BUFF,105,3,10000170,401,100000,1000173,,,心爱「来，蓝山咖啡让您久等了♪」<br>智乃「心爱…这是哥伦比亚咖啡」<br><br>©Koi・芳文社／ご注文は製作委員会ですか？？,きんぎん,-,700170010,700170020,700170030,,
1000173,1000170,不列颠兔子小屋,LEGEND,3,80,64100423,65000160,,,BURST_GAUGE_HEAL,30,3,65000170,,40,CARD_COST_DOWN,80,2,65000183,,60,PARAM_LIMIT_BREAK_BY_ATK_BUFF,100,3,10000170,401,100000,1000174,,,心爱「来，蓝山咖啡让您久等了♪」<br>智乃「心爱…这是哥伦比亚咖啡」<br><br>©Koi・芳文社／ご注文は製作委員会ですか？？,きんぎん,-,700170010,700170020,700170030,,
1000174,1000170,不列颠兔子小屋,LEGEND,4,80,64100424,65000160,,,BURST_GAUGE_HEAL,30,3,65000170,,40,CARD_COST_DOWN,80,2,65000184,,60,PARAM_LIMIT_BREAK_BY_ATK_BUFF,100,3,10000170,401,100000,,6186,2,心爱「来，蓝山咖啡让您久等了♪」<br>智乃「心爱…这是哥伦比亚咖啡」<br><br>©Koi・芳文社／ご注文は製作委員会ですか？？,きんぎん,-,700170010,700170020,700170030,,
1000180,1000180,圣姐妹 耶鲁＆前夕,LEGEND,0,80,64000000,65000220,,,DEF_BUFF,45,4,,,,,,,,,,,,,10000180,401,100000,1000181,,,耶鲁「必须要送给大家才行！」<br>前夕「充满幸福的，礼物哦！胜利☆」,生煮え,山崎 惠理　新田 惠海,605200010,605680040,605200070,,
1000181,1000180,圣姐妹 耶鲁＆前夕,LEGEND,1,80,64000001,65000221,,,DEF_BUFF,45,4,65000232,,40,PARAM_LIMIT_BREAK_BY_ATK_BUFF,45,4,,,,,,,10000180,401,100000,1000182,,,耶鲁「必须要送给大家才行！」<br>前夕「充满幸福的，礼物哦！胜利☆」,生煮え,山崎 惠理　新田 惠海,605200010,605680040,605200070,,
1000182,1000180,圣姐妹 耶鲁＆前夕,LEGEND,2,80,64000002,65000222,,,DEF_BUFF,45,4,65000233,,40,PARAM_LIMIT_BREAK_BY_ATK_BUFF,45,4,65000240,,60,CARD_COST_DOWN,105,3,10000180,401,100000,1000183,,,耶鲁「必须要送给大家才行！」<br>前夕「充满幸福的，礼物哦！胜利☆」,生煮え,山崎 惠理　新田 惠海,605200010,605680040,605200070,,
1000183,1000180,圣姐妹 耶鲁＆前夕,LEGEND,3,80,64000003,65000223,,,DEF_BUFF,40,3,65000234,,40,PARAM_LIMIT_BREAK_BY_ATK_BUFF,40,3,65000240,,60,CARD_COST_DOWN,100,2,10000180,401,100000,1000184,,,耶鲁「必须要送给大家才行！」<br>前夕「充满幸福的，礼物哦！胜利☆」,生煮え,山崎 惠理　新田 惠海,605200010,605680040,605200070,,
1000184,1000180,圣姐妹 耶鲁＆前夕,LEGEND,4,80,64000004,65000224,,,DEF_BUFF,30,3,65000235,,40,PARAM_LIMIT_BREAK_BY_ATK_BUFF,30,3,65000240,,60,CARD_COST_DOWN,90,2,10000180,401,100000,,6191,1,耶鲁「必须要送给大家才行！」<br>前夕「充满幸福的，礼物哦！胜利☆」,生煮え,山崎 惠理　新田 惠海,605200010,605680040,605200070,,
1000190,1000190,圣诞老人的工作,LEGEND,0,80,64000010,65000250,,,PARAM_LIMIT_BREAK_BY_ATK_BUFF,45,4,,,,,,,,,,,,,10000190,401,100000,1000191,,,铃声响彻夜空。<br>驾驭着驯鹿，她今年也来了。<br>圣夜的星星闪耀着『圣炎』的辉煌。<br><br>一年仅有一晚的工作。<br>把工作做完后和妹妹及同事的姐妹们一起喝到天亮吧。<br><br>「嚯ー嚯ー嚯ー！要等着我哦！好孩子们！」,富岡二郎,伊藤 加奈惠,605690010,605690020,605690070,,
1000191,1000190,圣诞老人的工作,LEGEND,1,80,64000011,65000251,,,PARAM_LIMIT_BREAK_BY_ATK_BUFF,45,4,65000261,,40,DEF_BUFF,65,4,,,,,,,10000190,401,100000,1000192,,,铃声响彻夜空。<br>驾驭着驯鹿，她今年也来了。<br>圣夜的星星闪耀着『圣炎』的辉煌。<br><br>一年仅有一晚的工作。<br>把工作做完后和妹妹及同事的姐妹们一起喝到天亮吧。<br><br>「嚯ー嚯ー嚯ー！要等着我哦！好孩子们！」,富岡二郎,伊藤 加奈惠,605690010,605690020,605690070,,
1000192,1000190,圣诞老人的工作,LEGEND,2,80,64000012,65000252,,,PARAM_LIMIT_BREAK_BY_ATK_BUFF,45,4,65000262,,40,DEF_BUFF,65,4,65000270,,60,ATK_OP_PIERCING,165,4,10000190,401,100000,1000193,,,铃声响彻夜空。<br>驾驭着驯鹿，她今年也来了。<br>圣夜的星星闪耀着『圣炎』的辉煌。<br><br>一年仅有一晚的工作。<br>把工作做完后和妹妹及同事的姐妹们一起喝到天亮吧。<br><br>「嚯ー嚯ー嚯ー！要等着我哦！好孩子们！」,富岡二郎,伊藤 加奈惠,605690010,605690020,605690070,,
1000193,1000190,圣诞老人的工作,LEGEND,3,80,64000013,65000253,,,PARAM_LIMIT_BREAK_BY_ATK_BUFF,40,3,65000263,,40,DEF_BUFF,60,3,65000270,,60,ATK_OP_PIERCING,160,3,10000190,401,100000,1000194,,,铃声响彻夜空。<br>驾驭着驯鹿，她今年也来了。<br>圣夜的星星闪耀着『圣炎』的辉煌。<br><br>一年仅有一晚的工作。<br>把工作做完后和妹妹及同事的姐妹们一起喝到天亮吧。<br><br>「嚯ー嚯ー嚯ー！要等着我哦！好孩子们！」,富岡二郎,伊藤 加奈惠,605690010,605690020,605690070,,
1000194,1000190,圣诞老人的工作,LEGEND,4,80,64000014,65000254,,,PARAM_LIMIT_BREAK_BY_ATK_BUFF,30,3,65000264,,40,DEF_BUFF,50,3,65000270,,60,ATK_OP_PIERCING,150,3,10000190,401,100000,,6191,1,铃声响彻夜空。<br>驾驭着驯鹿，她今年也来了。<br>圣夜的星星闪耀着『圣炎』的辉煌。<br><br>一年仅有一晚的工作。<br>把工作做完后和妹妹及同事的姐妹们一起喝到天亮吧。<br><br>「嚯ー嚯ー嚯ー！要等着我哦！好孩子们！」,富岡二郎,伊藤 加奈惠,605690010,605690020,605690070,,
1000200,1000200,亚瑟们的圣诞节,LEGEND,0,80,64100100,65000190,,,ATK_BUFF,45,4,65000200,,40,SP_DEFENCE_BOOST,105,4,65000210,,60,CARD_DEAL,135,4,10000200,401,100000,1000201,,,八音盒…应该是歌姬的吧。<br>虽然很有歌姬的风格，不过对我的房间来说可爱过头了点。<br><br>富豪的是书吗。说来我记得他挺爱读书来着。<br>虽然和我平时看的比起来全是些难懂的东西…。<br><br>……这是，武器保养套装？<br>实用没有任何花哨的地方果然有佣兵的风格。<br><br>斯卡哈的是「训练休息1天券」…有点诡异…。<br>单纯是觉得准备礼物很麻烦吧！？<br><br>最后是乌莎哈…。『相簿』…？<br>而且，这是以前用断绝的遗物所制作的，<br>叫做『照片』的东西…？,閏月戈,佐仓 绫音,608820010,608820040,608820060,,
1000201,1000200,亚瑟们的圣诞节,LEGEND,1,80,64100101,65000191,,,ATK_BUFF,40,3,65000200,,40,SP_DEFENCE_BOOST,100,3,65000210,,60,CARD_DEAL,130,3,10000200,401,100000,1000202,,,八音盒…应该是歌姬的吧。<br>虽然很有歌姬的风格，不过对我的房间来说可爱过头了点。<br><br>富豪的是书吗。说来我记得他挺爱读书来着。<br>虽然和我平时看的比起来全是些难懂的东西…。<br><br>……这是，武器保养套装？<br>实用没有任何花哨的地方果然有佣兵的风格。<br><br>斯卡哈的是「训练休息1天券」…有点诡异…。<br>单纯是觉得准备礼物很麻烦吧！？<br><br>最后是乌莎哈…。『相簿』…？<br>而且，这是以前用断绝的遗物所制作的，<br>叫做『照片』的东西…？,閏月戈,佐仓 绫音,608820010,608820040,608820060,,
1000202,1000200,亚瑟们的圣诞节,LEGEND,2,80,64100102,65000192,,,ATK_BUFF,35,3,65000200,,40,SP_DEFENCE_BOOST,95,3,65000210,,60,CARD_DEAL,125,3,10000200,401,100000,1000203,,,八音盒…应该是歌姬的吧。<br>虽然很有歌姬的风格，不过对我的房间来说可爱过头了点。<br><br>富豪的是书吗。说来我记得他挺爱读书来着。<br>虽然和我平时看的比起来全是些难懂的东西…。<br><br>……这是，武器保养套装？<br>实用没有任何花哨的地方果然有佣兵的风格。<br><br>斯卡哈的是「训练休息1天券」…有点诡异…。<br>单纯是觉得准备礼物很麻烦吧！？<br><br>最后是乌莎哈…。『相簿』…？<br>而且，这是以前用断绝的遗物所制作的，<br>叫做『照片』的东西…？,閏月戈,佐仓 绫音,608820010,608820040,608820060,,
1000203,1000200,亚瑟们的圣诞节,LEGEND,3,80,64100103,65000193,,,ATK_BUFF,30,3,65000200,,40,SP_DEFENCE_BOOST,90,3,65000210,,60,CARD_DEAL,120,3,10000200,401,100000,1000204,,,八音盒…应该是歌姬的吧。<br>虽然很有歌姬的风格，不过对我的房间来说可爱过头了点。<br><br>富豪的是书吗。说来我记得他挺爱读书来着。<br>虽然和我平时看的比起来全是些难懂的东西…。<br><br>……这是，武器保养套装？<br>实用没有任何花哨的地方果然有佣兵的风格。<br><br>斯卡哈的是「训练休息1天券」…有点诡异…。<br>单纯是觉得准备礼物很麻烦吧！？<br><br>最后是乌莎哈…。『相簿』…？<br>而且，这是以前用断绝的遗物所制作的，<br>叫做『照片』的东西…？,閏月戈,佐仓 绫音,608820010,608820040,608820060,,
1000204,1000200,亚瑟们的圣诞节,LEGEND,4,80,64100104,65000194,,,ATK_BUFF,30,3,65000200,,40,SP_DEFENCE_BOOST,90,3,65000210,,60,CARD_DEAL,120,3,10000200,401,100000,,6186,2,八音盒…应该是歌姬的吧。<br>虽然很有歌姬的风格，不过对我的房间来说可爱过头了点。<br><br>富豪的是书吗。说来我记得他挺爱读书来着。<br>虽然和我平时看的比起来全是些难懂的东西…。<br><br>……这是，武器保养套装？<br>实用没有任何花哨的地方果然有佣兵的风格。<br><br>斯卡哈的是「训练休息1天券」…有点诡异…。<br>单纯是觉得准备礼物很麻烦吧！？<br><br>最后是乌莎哈…。『相簿』…？<br>而且，这是以前用断绝的遗物所制作的，<br>叫做『照片』的东西…？,閏月戈,佐仓 绫音,608820010,608820040,608820060,,
1000210,1000210,２人的时间 牛若丸,LEGEND,0,80,64100550,65000310,,,DEF_BUFF,35,4,65000320,,40,ATK_BUFF,70,4,65000330,,60,ATK_BUFF,180,4,10000210,401,100000,1000211,,,「今宵也要进行剑的修行吗。<br>那么，好好加油吧」<br><br>「----静，能不能别拿我的化妆当作游戏来玩？」<br><br>「是是。那鞍马也请拜托啦」,SEAL,芹泽 优,700210010,700210020,700210030,,
1000211,1000210,２人的时间 牛若丸,LEGEND,1,80,64100551,65000311,,,DEF_BUFF,30,3,65000321,,40,ATK_BUFF,65,3,65000330,,60,ATK_BUFF,175,3,10000210,401,100000,1000212,,,「今宵也要进行剑的修行吗。<br>那么，好好加油吧」<br><br>「----静，能不能别拿我的化妆当作游戏来玩？」<br><br>「是是。那鞍马也请拜托啦」,SEAL,芹泽 优,700210010,700210020,700210030,,
1000212,1000210,２人的时间 牛若丸,LEGEND,2,80,64100552,65000312,,,DEF_BUFF,25,3,65000322,,40,ATK_BUFF,60,3,65000330,,60,ATK_BUFF,170,3,10000210,401,100000,1000213,,,「今宵也要进行剑的修行吗。<br>那么，好好加油吧」<br><br>「----静，能不能别拿我的化妆当作游戏来玩？」<br><br>「是是。那鞍马也请拜托啦」,SEAL,芹泽 优,700210010,700210020,700210030,,
1000213,1000210,２人的时间 牛若丸,LEGEND,3,80,64100553,65000313,,,DEF_BUFF,20,3,65000323,,40,ATK_BUFF,55,3,65000330,,60,ATK_BUFF,165,3,10000210,401,100000,1000214,,,「今宵也要进行剑的修行吗。<br>那么，好好加油吧」<br><br>「----静，能不能别拿我的化妆当作游戏来玩？」<br><br>「是是。那鞍马也请拜托啦」,SEAL,芹泽 优,700210010,700210020,700210030,,
1000214,1000210,２人的时间 牛若丸,LEGEND,4,80,64100554,65000314,,,DEF_BUFF,20,3,65000324,,40,ATK_BUFF,55,3,65000330,,60,ATK_BUFF,165,3,10000210,401,100000,,6186,2,「今宵也要进行剑的修行吗。<br>那么，好好加油吧」<br><br>「----静，能不能别拿我的化妆当作游戏来玩？」<br><br>「是是。那鞍马也请拜托啦」,SEAL,芹泽 优,700210010,700210020,700210030,,
1000220,1000220,亚瑟们的新年,LEGEND,0,80,64100540,65000340,,,BURST_GAUGE_HEAL,45,4,65000350,,40,PARAM_LIMIT_BREAK_BY_HP_BUFF,75,4,65000360,,60,PARAM_LIMIT_BREAK_BY_ATK_BUFF,85,4,10000220,401,100000,1000221,,,「佣兵和富豪都太丢脸啦，脸上全是墨水。这样还不如让我和歌姬来组队还会更强一些呢？」<br><br>「我可不想被只会在场外进行声援的人这么说。都怪富豪要在那时候…」<br><br>「不，佣兵，我可不想被只会用蛮力来打板羽球的你这么说」<br><br>「大过年的别吵架！来，为纪念我们的胜利拍个照♪」<br><br>「拍下来的照片就放到我的『相簿』里面好了！好，茄子！」,teco_uk,阿部 敦　冈本 信彦　佐仓 绫音　内田 真礼,608930010,606460040,610140060,,
1000221,1000220,亚瑟们的新年,LEGEND,1,80,64100541,65000340,,,BURST_GAUGE_HEAL,40,3,65000351,,40,PARAM_LIMIT_BREAK_BY_HP_BUFF,70,3,65000361,,60,PARAM_LIMIT_BREAK_BY_ATK_BUFF,80,3,10000220,401,100000,1000222,,,「佣兵和富豪都太丢脸啦，脸上全是墨水。这样还不如让我和歌姬来组队还会更强一些呢？」<br><br>「我可不想被只会在场外进行声援的人这么说。都怪富豪要在那时候…」<br><br>「不，佣兵，我可不想被只会用蛮力来打板羽球的你这么说」<br><br>「大过年的别吵架！来，为纪念我们的胜利拍个照♪」<br><br>「拍下来的照片就放到我的『相簿』里面好了！好，茄子！」,teco_uk,阿部 敦　冈本 信彦　佐仓 绫音　内田 真礼,608930010,606460040,610140060,,
1000222,1000220,亚瑟们的新年,LEGEND,2,80,64100542,65000340,,,BURST_GAUGE_HEAL,35,3,65000352,,40,PARAM_LIMIT_BREAK_BY_HP_BUFF,65,3,65000362,,60,PARAM_LIMIT_BREAK_BY_ATK_BUFF,75,3,10000220,401,100000,1000223,,,「佣兵和富豪都太丢脸啦，脸上全是墨水。这样还不如让我和歌姬来组队还会更强一些呢？」<br><br>「我可不想被只会在场外进行声援的人这么说。都怪富豪要在那时候…」<br><br>「不，佣兵，我可不想被只会用蛮力来打板羽球的你这么说」<br><br>「大过年的别吵架！来，为纪念我们的胜利拍个照♪」<br><br>「拍下来的照片就放到我的『相簿』里面好了！好，茄子！」,teco_uk,阿部 敦　冈本 信彦　佐仓 绫音　内田 真礼,608930010,606460040,610140060,,
1000223,1000220,亚瑟们的新年,LEGEND,3,80,64100543,65000340,,,BURST_GAUGE_HEAL,30,3,65000353,,40,PARAM_LIMIT_BREAK_BY_HP_BUFF,60,3,65000363,,60,PARAM_LIMIT_BREAK_BY_ATK_BUFF,70,3,10000220,401,100000,1000224,,,「佣兵和富豪都太丢脸啦，脸上全是墨水。这样还不如让我和歌姬来组队还会更强一些呢？」<br><br>「我可不想被只会在场外进行声援的人这么说。都怪富豪要在那时候…」<br><br>「不，佣兵，我可不想被只会用蛮力来打板羽球的你这么说」<br><br>「大过年的别吵架！来，为纪念我们的胜利拍个照♪」<br><br>「拍下来的照片就放到我的『相簿』里面好了！好，茄子！」,teco_uk,阿部 敦　冈本 信彦　佐仓 绫音　内田 真礼,608930010,606460040,610140060,,
1000224,1000220,亚瑟们的新年,LEGEND,4,80,64100544,65000340,,,BURST_GAUGE_HEAL,30,3,65000354,,40,PARAM_LIMIT_BREAK_BY_HP_BUFF,60,3,65000364,,60,PARAM_LIMIT_BREAK_BY_ATK_BUFF,70,3,10000220,401,100000,,6186,2,「佣兵和富豪都太丢脸啦，脸上全是墨水。这样还不如让我和歌姬来组队还会更强一些呢？」<br><br>「我可不想被只会在场外进行声援的人这么说。都怪富豪要在那时候…」<br><br>「不，佣兵，我可不想被只会用蛮力来打板羽球的你这么说」<br><br>「大过年的别吵架！来，为纪念我们的胜利拍个照♪」<br><br>「拍下来的照片就放到我的『相簿』里面好了！好，茄子！」,teco_uk,阿部 敦　冈本 信彦　佐仓 绫音　内田 真礼,608930010,606460040,610140060,,
1000230,1000230,蛊惑的女王 梅芙,LEGEND,0,80,64100100,65000370,,,CARD_COST_DOWN,45,3,65000380,,40,CARD_DEAL,90,4,65000390,,60,PARAM_LIMIT_BREAK_BY_ATK_BUFF,115,4,10000230,401,100000,1000231,,,起舞吧。起舞吧。万物之心。舞台是甜蜜的噩梦之夜。<br>无论是胜是败是自己人还是敌人是生还是死是梦还是现实，忘掉一切全在我的掌中疯狂起舞吧。<br><br>因为世间的悲惨都是属于女王梅芙的。,マニャ子,丰崎 爱生,700230010,700230020,700230030,,
1000231,1000230,蛊惑的女王 梅芙,LEGEND,1,80,64100101,65000370,,,CARD_COST_DOWN,40,2,65000380,,40,CARD_DEAL,85,3,65000391,,60,PARAM_LIMIT_BREAK_BY_ATK_BUFF,110,3,10000230,401,100000,1000232,,,起舞吧。起舞吧。万物之心。舞台是甜蜜的噩梦之夜。<br>无论是胜是败是自己人还是敌人是生还是死是梦还是现实，忘掉一切全在我的掌中疯狂起舞吧。<br><br>因为世间的悲惨都是属于女王梅芙的。,マニャ子,丰崎 爱生,700230010,700230020,700230030,,
1000232,1000230,蛊惑的女王 梅芙,LEGEND,2,80,64100102,65000370,,,CARD_COST_DOWN,35,2,65000380,,40,CARD_DEAL,80,3,65000392,,60,PARAM_LIMIT_BREAK_BY_ATK_BUFF,105,3,10000230,401,100000,1000233,,,起舞吧。起舞吧。万物之心。舞台是甜蜜的噩梦之夜。<br>无论是胜是败是自己人还是敌人是生还是死是梦还是现实，忘掉一切全在我的掌中疯狂起舞吧。<br><br>因为世间的悲惨都是属于女王梅芙的。,マニャ子,丰崎 爱生,700230010,700230020,700230030,,
1000233,1000230,蛊惑的女王 梅芙,LEGEND,3,80,64100103,65000370,,,CARD_COST_DOWN,30,2,65000380,,40,CARD_DEAL,75,3,65000393,,60,PARAM_LIMIT_BREAK_BY_ATK_BUFF,100,3,10000230,401,100000,1000234,,,起舞吧。起舞吧。万物之心。舞台是甜蜜的噩梦之夜。<br>无论是胜是败是自己人还是敌人是生还是死是梦还是现实，忘掉一切全在我的掌中疯狂起舞吧。<br><br>因为世间的悲惨都是属于女王梅芙的。,マニャ子,丰崎 爱生,700230010,700230020,700230030,,
1000234,1000230,蛊惑的女王 梅芙,LEGEND,4,80,64100104,65000370,,,CARD_COST_DOWN,30,2,65000380,,40,CARD_DEAL,75,3,65000394,,60,PARAM_LIMIT_BREAK_BY_ATK_BUFF,100,3,10000230,401,100000,,6186,2,起舞吧。起舞吧。万物之心。舞台是甜蜜的噩梦之夜。<br>无论是胜是败是自己人还是敌人是生还是死是梦还是现实，忘掉一切全在我的掌中疯狂起舞吧。<br><br>因为世间的悲惨都是属于女王梅芙的。,マニャ子,丰崎 爱生,700230010,700230020,700230030,,
1000240,1000240,巫术 三魔女,LEGEND,0,80,64100410,65000400,,,DEF_BUFF,85,4,65000410,,40,CARD_COST_DOWN,75,3,65000420,,60,ATK_OP_MULTIPLE_FIXED,195,4,10000240,401,100000,1000241,,,『魔女』<br>即是人类，又是通过改造拥有一部分妖精的特征的生物。与通过和妖精的交流获得『断绝时代』遗迹接入权的魔法使不同，可以直接进行接入。只不过没办法像妖精一样高精度地操纵遗迹。基本被认为是旁门左道，没有得到普及。虽然没有妖精一样强大的魔法力，但也不会被『森』之类的东西束缚。与普通人类相比，拥有压倒性的攻击力。<br><br>-唐·库利根据的调查报告书No.58271 -<br><br><br>『魔女三姐妹』<br>由于长女摩高斯、二女艾琳、三女摩根三姐妹，为第1次戴冠作战失败所诞生的遗恨的象征。虽然都想要进行正当的复仇，但范围却从社会上抹杀梅林到让不列颠国家崩溃，三姐妹都有其各自的规模和范围。或许是继承了绝世美女伊格兰的血脉，三姐妹看起来都十分的美丽。<br><br>-根据芬比纳赫的调查报告书 No.3960485 -,嵐月,明坂 聪美　新井 里美　悠木 碧,700240010,700240020,700240030,,
1000241,1000240,巫术 三魔女,LEGEND,1,80,64100411,65000401,,,DEF_BUFF,80,3,65000410,,40,CARD_COST_DOWN,70,2,65000420,,60,ATK_OP_MULTIPLE_FIXED,190,3,10000240,401,100000,1000242,,,『魔女』<br>即是人类，又是通过改造拥有一部分妖精的特征的生物。与通过和妖精的交流获得『断绝时代』遗迹接入权的魔法使不同，可以直接进行接入。只不过没办法像妖精一样高精度地操纵遗迹。基本被认为是旁门左道，没有得到普及。虽然没有妖精一样强大的魔法力，但也不会被『森』之类的东西束缚。与普通人类相比，拥有压倒性的攻击力。<br><br>-唐·库利根据的调查报告书No.58271 -<br><br><br>『魔女三姐妹』<br>由于长女摩高斯、二女艾琳、三女摩根三姐妹，为第1次戴冠作战失败所诞生的遗恨的象征。虽然都想要进行正当的复仇，但范围却从社会上抹杀梅林到让不列颠国家崩溃，三姐妹都有其各自的规模和范围。或许是继承了绝世美女伊格兰的血脉，三姐妹看起来都十分的美丽。<br><br>-根据芬比纳赫的调查报告书 No.3960485 -,嵐月,明坂 聪美　新井 里美　悠木 碧,700240010,700240020,700240030,,
1000242,1000240,巫术 三魔女,LEGEND,2,80,64100412,65000402,,,DEF_BUFF,75,3,65000410,,40,CARD_COST_DOWN,65,2,65000420,,60,ATK_OP_MULTIPLE_FIXED,185,3,10000240,401,100000,1000243,,,『魔女』<br>即是人类，又是通过改造拥有一部分妖精的特征的生物。与通过和妖精的交流获得『断绝时代』遗迹接入权的魔法使不同，可以直接进行接入。只不过没办法像妖精一样高精度地操纵遗迹。基本被认为是旁门左道，没有得到普及。虽然没有妖精一样强大的魔法力，但也不会被『森』之类的东西束缚。与普通人类相比，拥有压倒性的攻击力。<br><br>-唐·库利根据的调查报告书No.58271 -<br><br><br>『魔女三姐妹』<br>由于长女摩高斯、二女艾琳、三女摩根三姐妹，为第1次戴冠作战失败所诞生的遗恨的象征。虽然都想要进行正当的复仇，但范围却从社会上抹杀梅林到让不列颠国家崩溃，三姐妹都有其各自的规模和范围。或许是继承了绝世美女伊格兰的血脉，三姐妹看起来都十分的美丽。<br><br>-根据芬比纳赫的调查报告书 No.3960485 -,嵐月,明坂 聪美　新井 里美　悠木 碧,700240010,700240020,700240030,,
1000243,1000240,巫术 三魔女,LEGEND,3,80,64100413,65000403,,,DEF_BUFF,70,3,65000410,,40,CARD_COST_DOWN,60,2,65000420,,60,ATK_OP_MULTIPLE_FIXED,180,3,10000240,401,100000,1000244,,,『魔女』<br>即是人类，又是通过改造拥有一部分妖精的特征的生物。与通过和妖精的交流获得『断绝时代』遗迹接入权的魔法使不同，可以直接进行接入。只不过没办法像妖精一样高精度地操纵遗迹。基本被认为是旁门左道，没有得到普及。虽然没有妖精一样强大的魔法力，但也不会被『森』之类的东西束缚。与普通人类相比，拥有压倒性的攻击力。<br><br>-唐·库利根据的调查报告书No.58271 -<br><br><br>『魔女三姐妹』<br>由于长女摩高斯、二女艾琳、三女摩根三姐妹，为第1次戴冠作战失败所诞生的遗恨的象征。虽然都想要进行正当的复仇，但范围却从社会上抹杀梅林到让不列颠国家崩溃，三姐妹都有其各自的规模和范围。或许是继承了绝世美女伊格兰的血脉，三姐妹看起来都十分的美丽。<br><br>-根据芬比纳赫的调查报告书 No.3960485 -,嵐月,明坂 聪美　新井 里美　悠木 碧,700240010,700240020,700240030,,
1000244,1000240,巫术 三魔女,LEGEND,4,80,64100414,65000404,,,DEF_BUFF,70,3,65000410,,40,CARD_COST_DOWN,60,2,65000420,,60,ATK_OP_MULTIPLE_FIXED,180,3,10000240,401,100000,,6186,2,『魔女』<br>即是人类，又是通过改造拥有一部分妖精的特征的生物。与通过和妖精的交流获得『断绝时代』遗迹接入权的魔法使不同，可以直接进行接入。只不过没办法像妖精一样高精度地操纵遗迹。基本被认为是旁门左道，没有得到普及。虽然没有妖精一样强大的魔法力，但也不会被『森』之类的东西束缚。与普通人类相比，拥有压倒性的攻击力。<br><br>-唐·库利根据的调查报告书No.58271 -<br><br><br>『魔女三姐妹』<br>由于长女摩高斯、二女艾琳、三女摩根三姐妹，为第1次戴冠作战失败所诞生的遗恨的象征。虽然都想要进行正当的复仇，但范围却从社会上抹杀梅林到让不列颠国家崩溃，三姐妹都有其各自的规模和范围。或许是继承了绝世美女伊格兰的血脉，三姐妹看起来都十分的美丽。<br><br>-根据芬比纳赫的调查报告书 No.3960485 -,嵐月,明坂 聪美　新井 里美　悠木 碧,700240010,700240020,700240030,,
1000250,1000250,妖精们所居住的森林,LEGEND,0,80,64000050,65000280,,,CARD_COST_DOWN,45,3,,,,,,,,,,,,,10000250,401,100000,1000251,,,―在某个森林的深处。<br>树木的喧嚣声中似乎夹杂着什么的声音。<br>沿着声音的方向悄悄前进，<br>那里是断绝时代起就没有任何变化的，妖精们的嬉戏。,バチ子,五十岚 裕美　长妻 树里　佐仓 绫音,601260040,600830060,604080040,,
1000251,1000250,妖精们所居住的森林,LEGEND,1,80,64000051,65000280,,,CARD_COST_DOWN,45,3,65000291,,40,PARAM_LIMIT_BREAK_BY_ATK_BUFF,65,4,,,,,,,10000250,401,100000,1000252,,,―在某个森林的深处。<br>树木的喧嚣声中似乎夹杂着什么的声音。<br>沿着声音的方向悄悄前进，<br>那里是断绝时代起就没有任何变化的，妖精们的嬉戏。,バチ子,五十岚 裕美　长妻 树里　佐仓 绫音,601260040,600830060,604080040,,
1000252,1000250,妖精们所居住的森林,LEGEND,2,80,64000052,65000280,,,CARD_COST_DOWN,45,3,65000292,,40,PARAM_LIMIT_BREAK_BY_ATK_BUFF,65,4,65000300,,60,CARD_COST_DOWN,125,3,10000250,401,100000,1000253,,,―在某个森林的深处。<br>树木的喧嚣声中似乎夹杂着什么的声音。<br>沿着声音的方向悄悄前进，<br>那里是断绝时代起就没有任何变化的，妖精们的嬉戏。,バチ子,五十岚 裕美　长妻 树里　佐仓 绫音,601260040,600830060,604080040,,
1000253,1000250,妖精们所居住的森林,LEGEND,3,80,64000053,65000280,,,CARD_COST_DOWN,40,2,65000293,,40,PARAM_LIMIT_BREAK_BY_ATK_BUFF,60,3,65000300,,60,CARD_COST_DOWN,120,2,10000250,401,100000,1000254,,,―在某个森林的深处。<br>树木的喧嚣声中似乎夹杂着什么的声音。<br>沿着声音的方向悄悄前进，<br>那里是断绝时代起就没有任何变化的，妖精们的嬉戏。,バチ子,五十岚 裕美　长妻 树里　佐仓 绫音,601260040,600830060,604080040,,
1000254,1000250,妖精们所居住的森林,LEGEND,4,80,64000054,65000280,,,CARD_COST_DOWN,30,2,65000294,,40,PARAM_LIMIT_BREAK_BY_ATK_BUFF,50,3,65000300,,60,CARD_COST_DOWN,110,2,10000250,401,100000,,6191,1,―在某个森林的深处。<br>树木的喧嚣声中似乎夹杂着什么的声音。<br>沿着声音的方向悄悄前进，<br>那里是断绝时代起就没有任何变化的，妖精们的嬉戏。,バチ子,五十岚 裕美　长妻 树里　佐仓 绫音,601260040,600830060,604080040,,
